Datum,Tmin,Tmit,Tmax,Sges,Rges,Tbod,RFmin,RFmit,RFmax,Wmit,WBmax
01.01.2016,"2,7","5,5","7,7","0,6","0,0",1,82,"91,6",100,8,41
02.01.2016,"4,1","4,8","6,1",0,"2,7","3,7",82,"89,1",97,18,48
03.01.2016,"4,6","5,9","7,8",0,"8,6","3,9",80,"91,7",100,14,44
04.01.2016,"2,5","4,9","7,2",0,"1,8","2,4",94,"98,5",100,9,46
05.01.2016,"5,7","6,8","8,8","0,8","0,3","5,3",80,"89,5",98,8,30
06.01.2016,"5,5","6,2","7,7","0,1","3,3","4,5",90,"96,6",100,7,19
07.01.2016,"4,6","5,8","7,8","0,3","6,6","4,3",78,"91,8",100,16,56
08.01.2016,"1,4","4,8","8,8",7,"0,0","-1,5",69,"81,5",95,10,44
09.01.2016,"2,3","4,5","7,5","5,5","4,5","1,6",79,"88,2",94,12,37
10.01.2016,"5,1",7,"9,9","5,1","0,3","3,4",64,"84,1",95,14,52
11.01.2016,"3,1","5,1","7,1",0,"5,3","0,6",89,"94,9",99,11,37
12.01.2016,"5,2","6,2","8,2","1,5","2,3",4,74,"84,3",93,12,43
13.01.2016,"2,2","4,9","6,6","0,6","1,5","0,8",87,91,95,13,48
14.01.2016,"1,1","2,8","4,1",0,"4,7","0,2",85,"90,9",97,14,48
15.01.2016,"1,3","2,6","3,5",0,"0,7","0,7",79,91,97,14,48
16.01.2016,"-0,4","1,8",4,"0,7","0,3","-1,9",81,"89,8",100,12,50
17.01.2016,"-4,4","-0,2","2,7","2,9","0,0","-6,9",66,"84,5",99,9,37
18.01.2016,"-5,4","-2,7",1,"7,2","0,0","-8,2",60,"82,1",100,8,28
19.01.2016,"-6,2","-3,7",-1,"7,7","0,0","-6,7",73,"82,9",89,8,28
20.01.2016,"-3,1","-0,4",3,1,"0,0",-3,73,"84,6",93,6,24
21.01.2016,"-0,8","1,2",4,"2,7","0,0",-2,76,"87,1",95,6,26
22.01.2016,"-2,7","-0,3","2,1","5,8","4,0","-3,1",68,"83,1",100,16,44
23.01.2016,"0,9","5,4","7,4",0,"0,0","0,9",89,"97,5",100,7,22
24.01.2016,"3,9","5,8",8,0,"1,4","3,2",89,"95,2",100,9,28
25.01.2016,"7,9","10,3","14,2","6,3","0,0","7,3",70,85,100,10,35
26.01.2016,9,"10,3","12,2",0,"0,5","7,5",68,"84,1",99,11,44
27.01.2016,"9,7","11,2",13,0,"4,6",9,71,"80,6",92,16,52
28.01.2016,"1,1","6,4","9,8","7,2","0,0","-1,4",63,"84,9",99,9,35
29.01.2016,"1,6","7,1","9,9","0,1","0,4",-1,77,"82,3",95,16,56
30.01.2016,3,"7,3",10,0,"10,2","2,3",78,"86,8",97,18,67
31.01.2016,"3,8","6,2","11,5",0,"5,5","2,9",82,"90,5",100,10,35
01.02.2016,"10,3","11,3",12,0,"0,4","9,5",76,"88,8",100,16,54
02.02.2016,"5,1","8,6","11,5",0,"11,1",4,79,"91,6",100,14,63
03.02.2016,"2,3","4,8","7,3","2,3","1,4","1,5",66,"85,4",93,12,43
04.02.2016,"3,2","4,4","7,3",0,"3,2","2,1",89,93,100,10,33
05.02.2016,"3,9",7,"10,1",0,"1,7","3,7",86,"96,9",100,8,31
06.02.2016,"7,2","9,4","12,1","4,5","0,0","6,5",68,"80,2",91,14,43
07.02.2016,"6,3","9,1","11,3","0,5","0,6","5,1",63,"72,5",87,15,54
08.02.2016,"7,2","8,6","11,3","1,6","2,9","6,2",61,"74,1",92,24,80
09.02.2016,"1,7","6,2","10,6",0,"12,8","1,3",66,"84,1",98,18,70
10.02.2016,"3,1","4,2","6,4","0,2","3,3","2,2",86,"92,5",98,11,41
11.02.2016,"1,2","4,1","7,4","3,4","0,0","-1,4",69,"89,2",100,7,35
12.02.2016,0,"3,4","6,2","2,7","0,0",-2,62,"82,1",95,9,39
13.02.2016,"-2,6","1,6","5,1","1,7","5,3","-4,7",75,"92,4",100,8,35
14.02.2016,"1,4","2,8","3,5",0,"2,3","1,3",93,"97,5",100,7,20
15.02.2016,"-2,3","1,1","2,7","0,8","0,5","-4,1",76,"90,1",100,12,39
16.02.2016,"-3,8","0,5","5,7","9,4","0,0","-6,1",52,"77,9",100,7,24
17.02.2016,"-3,6","1,3","5,6","8,3","0,0","-5,4",63,"77,2",91,6,20
18.02.2016,-1,"2,5",6,5,"0,0","-2,7",53,"74,6",93,8,30
19.02.2016,"-1,2","1,5","5,3","1,5","2,1","-2,3",86,"93,5",99,6,22
20.02.2016,"2,3","7,1","10,5",0,"4,7","1,9",83,"93,1",100,15,46
21.02.2016,"10,1","11,2","12,6",0,"0,1","9,7",83,"92,5",100,19,67
22.02.2016,"2,2","7,4","11,6",0,"10,3","2,1",77,92,100,14,57
23.02.2016,"1,8","3,6","7,5","1,6","1,3","0,5",83,"94,2",99,8,39
24.02.2016,"-1,9","2,4",7,"3,9","0,0",-4,62,"88,5",100,5,24
25.02.2016,"-3,2",1,"5,7","4,5","0,0","-5,4",64,90,100,6,33
26.02.2016,"-1,6",2,"5,7","1,9","0,0","-3,5",52,81,100,6,19
27.02.2016,"0,4","3,6","8,4","9,8","0,0","-1,1",46,"63,8",85,11,39
28.02.2016,"-1,4","2,4","6,4","5,7","0,0","-2,7",53,"68,7",85,13,44
29.02.2016,"-2,1","2,5","7,2","9,7","0,0","-4,4",49,"67,3",85,11,44
01.03.2016,"-4,5","0,8","5,9","3,6","5,7","-7,1",56,89,100,10,35
02.03.2016,"3,3",6,"9,3","2,4","2,5","2,5",59,"83,8",100,14,67
03.03.2016,"-0,8","3,2","7,4","2,3","0,4",-3,73,"88,3",100,8,33
04.03.2016,"0,2","1,9","3,3",0,"10,5","-1,4",81,"95,1",100,15,56
05.03.2016,0,"3,2","5,8",0,"1,2","-1,6",84,"95,2",100,5,19
06.03.2016,"-1,2",2,"5,3","1,8","7,7",-3,81,"94,4",100,4,22
07.03.2016,"-2,2","1,5","5,9","3,3","0,5","-4,1",63,"93,2",100,3,17
08.03.2016,"-3,4","1,1","6,3","1,9",0,"-5,6",76,"91,8",100,6,24
09.03.2016,"-0,2",4,9,"10,3",0,"-2,5",49,"70,6",91,17,61
10.03.2016,"-2,7","3,6","11,1","10,2",0,"-5,1",51,"76,6",100,5,24
11.03.2016,"-0,9","4,4","10,5","4,8",0,"-3,3",57,83,100,8,30
12.03.2016,-2,"3,3","9,2","10,4",0,"-4,7",57,79,100,8,28
13.03.2016,"-1,2","4,6","10,9",11,0,"-2,8",58,"74,6",93,12,37
14.03.2016,"-2,2","4,1","10,9",11,0,"-4,5",44,69,96,9,37
15.03.2016,"-0,7","3,8","7,3","1,6",0,"-3,3",70,"85,7",93,8,33
16.03.2016,"2,3","5,4","9,8","7,3",0,1,47,"64,9",93,14,44
17.03.2016,"-0,3",6,"12,9","11,2",0,"-2,5",44,"66,8",92,7,24
18.03.2016,0,3,"5,8",0,0,"-2,8",87,94,100,8,22
19.03.2016,"4,2","5,5","6,7",0,0,"3,6",73,84,98,8,24
20.03.2016,"4,7","6,4",9,"0,8","0,3","4,6",65,"83,5",100,9,28
21.03.2016,"5,6","7,3","9,7","0,3","0,2",5,63,"82,8",97,11,35
22.03.2016,"4,5","7,5",12,"1,6","0,5","3,8",69,"85,7",97,10,30
23.03.2016,"5,4","7,4","10,6","1,4","0,1","2,6",63,"82,8",97,12,31
24.03.2016,4,"7,1","9,2",0,"1,5","2,8",68,"84,2",99,6,22
25.03.2016,"6,2","7,3",9,0,"6,8","5,7",86,"93,1",100,10,33
26.03.2016,"3,5","10,3","16,2","10,5","1,1","1,2",52,75,100,15,54
27.03.2016,"7,5","10,4","14,2","4,3","1,5","6,9",50,"71,3",97,15,48
28.03.2016,"6,3","9,1","12,1","2,2","5,4","4,2",63,"75,5",84,18,61
29.03.2016,"5,1","7,8","12,9","2,8","1,7","3,3",50,"78,6",95,14,54
30.03.2016,7,"9,9","13,5","3,7","0,6",6,53,"74,1",90,10,33
31.03.2016,"5,9","7,4","9,3",0,"1,8","5,2",61,"84,1",100,8,39
01.04.2016,"3,8","9,4","15,1","10,3",0,"2,2",42,"67,8",94,7,26
02.04.2016,"6,7","11,6","16,2","7,4",0,"6,9",57,"68,2",78,10,28
03.04.2016,"11,6","15,2","20,5","3,5","2,6","10,4",59,"73,5",96,9,35
04.04.2016,"9,6","13,3","16,9","4,7","1,3","7,5",54,"78,6",96,8,43
05.04.2016,"7,6","10,4","12,5","0,7","6,9","5,4",85,"95,7",100,5,22
06.04.2016,"6,8","10,1","15,2","4,1","0,6",5,55,"78,8",97,12,46
07.04.2016,"3,3","7,6","12,3","6,3",1,"1,2",51,"76,8",100,11,43
08.04.2016,"2,3","6,5","12,4",3,"0,6","0,3",59,"86,5",100,5,17
09.04.2016,"1,7","9,7","16,7","11,1",0,"-0,2",36,"66,5",100,7,28
10.04.2016,"7,3","12,6","18,7","7,2",0,"5,3",42,"62,4",85,8,33
11.04.2016,"8,5","14,6","20,9","12,2","0,2",7,40,"55,2",67,12,37
12.04.2016,"6,7","12,5","19,3","6,8",2,"4,8",42,"73,8",100,7,56
13.04.2016,"5,8","9,3","12,9",0,0,"3,9",69,"90,4",100,4,15
14.04.2016,"3,7","10,7","17,4","10,6",5,"1,6",44,"79,3",100,5,41
15.04.2016,"9,1","12,3","16,7","5,7",0,"7,8",49,"74,6",100,12,46
16.04.2016,"5,6","10,6","14,4","2,6","0,6","2,5",61,"75,9",90,11,41
17.04.2016,"2,9","7,3","11,3",4,0,"-0,9",50,"73,9",91,8,28
18.04.2016,"0,2",8,"13,2","8,3",0,"-3,8",44,"69,5",100,9,37
19.04.2016,"4,8","10,3","14,2","3,9",0,"-0,5",48,65,83,10,33
20.04.2016,"1,4","9,2","15,8","13,4",0,-3,39,"64,7",100,7,28
21.04.2016,3,"12,4","20,6","12,6",0,"-1,9",38,"58,8",94,7,28
22.04.2016,"7,3","11,4","16,3","9,1","0,2","4,5",48,"58,1",74,10,33
23.04.2016,3,"7,1","10,9","4,2",0,"0,3",47,66,84,12,43
24.04.2016,2,"4,4","9,7","5,5","0,5","-0,8",50,"78,5",92,11,48
25.04.2016,"0,9","4,5","8,7",3,"9,5","-1,1",64,88,97,11,39
26.04.2016,"1,4","3,8","8,2","2,9","3,1","-0,8",69,"87,8",98,13,63
27.04.2016,"1,8","4,8","8,4","1,9","8,6","1,1",78,"88,8",98,14,46
28.04.2016,"2,6","5,5","11,4",6,"0,9","-2,2",49,"83,8",100,7,39
29.04.2016,"3,2","7,4","12,2","2,3","8,6","-0,8",52,"82,5",100,11,41
30.04.2016,"5,6","7,6","10,7","0,2","2,6","5,4",71,"88,1",100,6,31
01.05.2016,"5,5","9,8","16,2","9,4","0,0","0,8",53,"75,3",95,11,37
02.05.2016,"3,3",12,"20,2","12,2","1,4","-1,2",42,"73,6",100,5,19
03.05.2016,"4,3","11,2",15,"6,2","0,0","-1,3",44,"70,4",95,11,41
04.05.2016,"2,4","10,1","16,8",14,"0,0","-2,7",37,"63,6",100,6,22
05.05.2016,"3,4","13,4","21,5","14,4","0,0","-2,5",37,"58,5",88,9,35
06.05.2016,"7,8",17,"25,2","12,8","0,0",2,36,"62,5",95,10,35
07.05.2016,"8,4","18,9","26,7","14,1","0,0","3,3",31,"56,4",94,8,39
08.05.2016,"14,2","20,9","26,6","14,7","0,0","6,6",28,"42,3",60,12,41
09.05.2016,"15,1","21,3","26,6","12,4","0,0","7,5",33,46,63,12,37
10.05.2016,"14,8","19,1","22,6","2,8","0,0","12,8",54,"63,2",79,7,26
11.05.2016,"11,8",20,"27,1","12,1","0,2","10,1",40,"64,9",97,8,33
12.05.2016,"13,3","19,6","25,6","9,2","0,0","11,5",40,"57,5",78,9,39
13.05.2016,"10,6","18,3","24,4","12,3","0,0","10,2",32,"58,2",81,11,41
14.05.2016,"6,4","9,6","13,2","4,4","0,0","5,7",53,"64,2",77,16,48
15.05.2016,"5,4","8,9","13,6","4,3","0,5","4,8",45,67,86,13,52
16.05.2016,"6,5","9,8","13,3","4,2","0,0","5,5",50,"67,7",82,9,30
17.05.2016,"8,1",13,"17,5","3,3","0,0","7,1",48,"67,7",86,7,35
18.05.2016,11,"14,7","19,8","2,4","1,3","9,8",53,"71,9",95,8,33
19.05.2016,"9,2","13,4","18,8","6,9","0,0","6,5",50,78,100,6,24
20.05.2016,"8,6","13,8","19,3","1,5","0,0","5,7",65,81,99,8,31
21.05.2016,"11,1","18,2","24,3","9,8","0,0","8,7",49,"71,2",100,9,33
22.05.2016,"14,3","17,4","21,1","1,7","6,1","13,4",63,"82,1",100,7,31
23.05.2016,"10,1",12,"14,4",0,"6,0",10,98,"99,7",100,12,48
24.05.2016,"9,5","11,3","14,5","0,4","0,0","9,2",69,"85,6",100,12,37
25.05.2016,"9,9","12,7","17,8","5,6","0,0","7,9",61,"81,7",100,5,15
26.05.2016,"8,5","16,4","22,5","10,6","0,0","6,6",46,72,100,5,22
27.05.2016,"13,8","18,4","23,7","5,7","23,2","12,1",58,"76,8",100,7,28
28.05.2016,"12,4","18,3","25,3","6,9","0,0","10,6",55,"82,7",100,4,19
29.05.2016,"12,9","17,9","23,7","3,8","12,2","10,9",66,"85,8",100,9,31
30.05.2016,"15,5","17,2","21,9","0,9","9,8","14,3",87,"95,7",100,10,37
31.05.2016,"14,2","17,5",22,"3,4",2,13,65,"79,3",100,9,44
01.06.2016,"14,1","16,5","20,1","0,1","4,8","12,8",96,"99,6",100,7,39
02.06.2016,"14,7","18,9","25,3","6,3","3,6","12,8",62,"88,4",100,7,50
03.06.2016,"14,7","18,9","23,8","2,6",21,"13,2",69,"87,2",100,6,28
04.06.2016,"14,3","18,6","23,2","4,7","0,6","13,2",80,"93,8",100,7,24
05.06.2016,"14,4","20,1","28,2","7,5","0,1","12,8",48,"82,4",100,6,28
06.06.2016,"14,2","21,1",28,"9,9","0,1","12,2",59,"79,5",100,6,31
07.06.2016,"15,2","19,6","28,7","8,2","1,2","13,1",49,"83,9",100,6,44
08.06.2016,"13,7","18,8",24,"10,7",0,"12,1",59,"79,2",100,8,35
09.06.2016,"12,5","16,4","21,3","12,6",0,"11,2",48,"69,5",94,9,30
10.06.2016,11,"17,1","22,7","11,5",0,9,37,"60,5",85,6,26
11.06.2016,"14,6","18,2",23,"3,3","0,1",13,60,"74,5",91,5,22
12.06.2016,"14,7","16,2",20,1,"13,3","13,5",77,"93,3",100,5,28
13.06.2016,"14,3",16,"20,3","1,5","2,6","13,5",72,"93,3",100,6,37
14.06.2016,"12,8","16,2","19,9","4,9","0,8","10,9",68,"83,9",100,8,31
15.06.2016,"10,4","14,1","18,6","2,2","23,6","7,7",80,"95,4",100,5,28
16.06.2016,"9,5","14,4",21,8,"27,3","6,7",59,"89,5",100,5,33
17.06.2016,"11,7","14,7","19,4","4,3",5,"9,8",70,"90,6",100,7,28
18.06.2016,"12,7","14,6","19,2","1,4","9,8","11,3",78,"93,1",100,8,46
19.06.2016,"9,6","14,5","19,7","6,8",0,"6,6",50,"79,2",100,9,28
20.06.2016,"9,6","15,3","20,6","4,7","9,7","6,5",60,"85,4",100,11,41
21.06.2016,"14,8","17,6","22,6","0,5","5,8",13,79,"96,2",100,5,22
22.06.2016,15,"20,5","26,3","4,6",0,"12,6",64,"85,8",100,5,20
23.06.2016,"16,5","24,8","33,4","12,1","1,4","14,4",50,"77,8",100,9,56
24.06.2016,"18,7","21,6","25,8","3,1","1,4","17,6",70,"88,2",100,7,30
25.06.2016,"11,7","15,9","19,2","0,6","16,9",9,85,"97,8",100,7,31
26.06.2016,"10,3","14,7","20,5","6,8","1,8","7,7",64,"86,7",100,7,37
27.06.2016,"11,1","14,8","18,4","3,5","5,1","8,6",79,"93,6",100,7,33
28.06.2016,"12,6","17,7","23,4","7,5","7,2","10,9",53,"81,2",100,6,33
29.06.2016,"13,8","17,3","21,2","7,6",1,"12,5",55,"76,4",100,9,41
30.06.2016,"14,9","17,8","20,9","0,3","1,3","14,2",73,"85,1",98,8,30
01.07.2016,"16,4",19,"22,7","1,2","3,8",16,70,85,100,10,41
02.07.2016,"10,8","15,1","19,3","7,8","0,5","7,4",62,"81,1",100,9,56
03.07.2016,"11,3","14,9","19,4","5,4","3,5","8,5",64,"79,9",94,7,43
04.07.2016,"10,6","17,2","22,8","9,3","0,1","7,5",65,"85,4",100,5,22
05.07.2016,"12,1","17,2",21,"2,6","0,6","9,5",68,"81,2",100,11,48
06.07.2016,"10,9","16,2","21,6","9,3",0,"7,4",47,"71,5",98,8,30
07.07.2016,"9,2","17,1","23,6","8,5",0,"5,4",49,"73,7",100,4,19
08.07.2016,"15,3","19,8","24,3",6,0,"12,1",59,75,96,9,37
09.07.2016,"16,9","20,2","25,3",7,0,"14,3",55,77,95,7,26
10.07.2016,"16,4","23,9","30,8","10,6",0,"12,9",48,"70,1",97,8,30
11.07.2016,"15,2","20,1","24,2","5,7",0,"10,8",52,"70,6",91,9,35
12.07.2016,"13,5","18,3","22,9","7,8",0,"10,3",53,"71,5",96,9,41
13.07.2016,"11,3","15,1","20,7",4,"0,7","7,5",57,"82,7",100,8,43
14.07.2016,"9,4","15,3","20,3","8,6",0,"7,6",46,"71,7",100,11,41
15.07.2016,"11,6","16,4","21,4","9,8",0,"9,9",53,"72,3",90,8,28
16.07.2016,"13,1","18,4",23,"0,1",0,12,73,"82,6",97,5,19
17.07.2016,"15,5","20,7","24,8","4,5","3,5","13,6",69,"83,4",100,7,35
18.07.2016,"13,6","21,4","28,3","12,2",0,"11,8",49,"76,4",100,5,22
19.07.2016,"15,3","23,6","31,6","14,9",0,"13,4",42,"70,1",100,4,22
20.07.2016,"16,2","25,7","35,1","11,9","0,1","14,1",38,"66,5",99,9,39
21.07.2016,"19,6","23,8","30,4","9,1",0,"18,1",47,"76,5",100,6,30
22.07.2016,"18,5",23,"28,9",7,0,"17,2",56,"77,5",100,7,35
23.07.2016,"17,3","21,7",27,"0,5",0,"15,7",72,"84,9",100,5,19
24.07.2016,16,"21,5","27,4","9,4",0,"14,4",59,"81,8",100,5,24
25.07.2016,"17,8","22,1","26,4","5,3",0,"16,4",63,"78,5",99,7,26
26.07.2016,"15,7","19,6","23,2","2,9",0,"14,1",59,"79,1",97,5,19
27.07.2016,15,"19,5","24,1","7,7","1,3","13,4",56,"76,1",100,8,35
28.07.2016,"16,8","19,1","24,1","2,7","6,2","14,8",65,"87,5",100,6,28
29.07.2016,"15,8",19,"24,1","2,5","0,5","14,4",64,84,99,8,33
30.07.2016,"15,5","19,1","23,1","5,1",0,"13,8",65,"77,9",100,6,28
31.07.2016,"11,9","17,1",20,"2,8","5,5","10,1",74,"87,5",100,6,41
01.08.2016,"10,3","16,7","23,4","6,6","2,2","8,6",49,"80,9",100,5,30
02.08.2016,"13,1","15,9",18,0,"9,1","12,9",88,"98,4",100,8,26
03.08.2016,"16,7","18,4","19,7",0,"6,6","15,8",94,98,100,8,39
04.08.2016,"13,8","17,3","19,4","0,5",0,"12,3",74,"85,2",100,7,35
05.08.2016,"12,4","16,3","21,6","2,8","5,4","10,1",70,"90,7",100,7,41
06.08.2016,"11,9","17,5","22,8","7,5",0,"9,7",59,81,100,8,33
07.08.2016,"10,2","19,5","25,9","11,6",0,"8,3",49,77,100,7,33
08.08.2016,"13,7","18,2","21,7","4,6","1,4","11,8",55,76,85,10,39
09.08.2016,"10,1","14,5","19,8","6,4","1,1","8,4",55,81,100,7,37
10.08.2016,8,"12,7","17,6","7,1",5,"5,8",53,"85,2",100,6,37
11.08.2016,"6,6",12,"17,1","1,4","10,8","4,4",68,"92,7",100,8,35
12.08.2016,"14,2","17,6","22,7","1,3",0,"12,3",74,"93,2",100,7,26
13.08.2016,"13,1",18,"22,9","12,4",0,"10,6",65,"85,8",100,7,28
14.08.2016,"13,4","18,2","23,8","8,5",0,"11,5",61,"82,2",100,6,22
15.08.2016,"13,7","18,3","23,8","11,8",0,"10,8",54,"73,7",96,7,28
16.08.2016,"10,9","18,3","24,6","13,6",0,8,49,"71,1",100,7,26
17.08.2016,"11,5","18,9","26,3","13,6",0,"8,4",45,"66,8",98,6,24
18.08.2016,"10,4",19,"27,5","11,8",0,"7,6",43,"67,7",99,5,22
19.08.2016,"11,1","19,5","27,3","8,3","0,6","8,4",48,"75,4",100,7,28
20.08.2016,"13,5","19,1","24,3","4,8","2,8","11,2",46,"73,1",100,7,43
21.08.2016,"13,6","16,2","19,8","1,7","2,6","11,5",73,"86,8",100,9,35
22.08.2016,"13,1","16,6","23,4","2,7","2,4","10,3",65,"90,8",100,6,24
23.08.2016,"12,2",20,"28,9","13,4",0,"9,3",50,"80,5",100,5,15
24.08.2016,"14,9","23,6","32,1","13,4",0,"11,9",45,"69,7",100,8,33
25.08.2016,"17,4","24,9","33,1","13,3",0,"14,1",39,"63,9",93,9,35
26.08.2016,"17,4","25,5","33,3","12,2",0,"15,2",49,"67,9",88,7,22
27.08.2016,"18,9","25,1","34,6","9,8","0,8","17,7",50,"77,5",95,6,35
28.08.2016,17,"23,8","32,2","10,6",0,"14,5",51,69,98,10,44
29.08.2016,"15,5","18,7","22,7","2,7",0,"13,2",69,"78,4",93,7,26
30.08.2016,"11,2","17,9","24,9","12,2",0,"8,8",41,"71,3",100,5,22
31.08.2016,"10,6","18,6","27,1","12,5",0,"7,9",45,"69,6",95,6,28
01.09.2016,"12,9","18,6","25,6",8,0,"10,6",55,"80,8",100,6,26
02.09.2016,"12,1","18,8","25,6","9,7","0,2","9,7",49,77,100,7,30
03.09.2016,"13,7","18,9","25,2","7,8","0,4","11,9",55,"78,4",96,6,22
04.09.2016,"15,6","18,6","23,1","2,6","6,3",15,61,"81,5",98,10,46
05.09.2016,"13,1","17,4","22,9","4,7",0,"10,7",61,"85,1",100,7,28
06.09.2016,"11,9","18,5","26,8","11,9",0,"9,6",44,"79,1",100,6,22
07.09.2016,"11,7","19,6","28,9","12,3",0,"9,2",43,"74,9",100,5,22
08.09.2016,"14,4","21,8","28,6","11,8",0,12,44,"71,2",100,8,35
09.09.2016,"12,8","17,8","24,2","7,5",0,"10,7",46,"76,9",99,5,20
10.09.2016,"11,3","18,5","27,4","11,6",0,"9,7",42,"76,5",100,4,19
11.09.2016,"13,8","18,8","25,1",8,0,12,59,"81,5",100,4,11
12.09.2016,"13,1","21,6","31,7",11,0,"11,5",42,"75,6",100,4,17
13.09.2016,"15,9","23,8","33,4","11,7",0,"14,3",40,"71,2",100,6,28
14.09.2016,"16,4","23,6","33,1","11,5",0,"14,3",34,"67,1",98,6,26
15.09.2016,"15,7","22,8","31,3","10,4","4,4","13,7",38,"66,8",100,7,35
16.09.2016,"14,3","17,8","21,4","4,7",0,"12,6",63,"83,2",100,6,26
17.09.2016,"13,2","17,1","21,8","4,1","1,4","11,6",67,88,100,6,26
18.09.2016,15,17,"20,5","2,2",0,"14,2",68,"85,9",100,8,33
19.09.2016,"12,1","15,2","19,8","0,4",0,"9,8",58,"76,4",91,6,20
20.09.2016,"10,4","14,6","18,3",0,0,"8,1",68,"86,1",100,3,15
21.09.2016,"9,2","15,5","21,6","10,1",0,"6,3",44,70,100,6,22
22.09.2016,"7,5",14,22,"8,2",0,"4,8",49,80,100,4,19
23.09.2016,"9,5","14,7","21,7","5,8",0,"7,3",58,"83,5",100,5,22
24.09.2016,"9,3","16,7","24,9","10,8",0,"7,4",43,"73,2",100,7,30
25.09.2016,"10,5","18,2",28,"9,9","0,1","8,1",35,"68,5",92,9,43
26.09.2016,"9,7","15,3","20,5","8,9",0,"7,8",55,"74,5",99,6,20
27.09.2016,"8,3","14,5","22,7","9,9",0,"6,5",49,"82,6",100,4,20
28.09.2016,"10,7","17,2","22,8","4,8",0,"8,7",56,75,99,8,33
29.09.2016,14,18,"23,7","6,5","0,6","11,9",56,"77,4",96,10,41
30.09.2016,"10,9","14,8",19,"4,1","0,7","8,8",54,"81,7",94,7,30
01.10.2016,"11,1",14,"18,8","2,8",0,"9,2",67,"87,9",100,6,30
02.10.2016,"10,4","12,4","16,2","0,8","0,8","8,9",67,"85,5",96,10,37
03.10.2016,"9,7","13,6","18,3","3,8","2,1","7,4",60,"87,8",100,8,35
04.10.2016,"7,5","12,6","19,2","5,6",0,5,54,"82,5",100,8,33
05.10.2016,"6,6","10,1","15,8","10,4",0,"3,9",44,"71,8",94,11,43
06.10.2016,"4,3","8,8","12,8","0,8",0,"2,1",72,"84,5",93,9,35
07.10.2016,"10,2","11,5","14,4","0,2","0,2","9,4",77,"89,7",99,7,24
08.10.2016,"4,4","10,1","15,3","6,6",0,"1,7",54,"81,2",100,7,30
09.10.2016,"3,7","8,5","14,4","5,1",0,"1,7",55,83,100,4,17
10.10.2016,"3,9","8,2","12,9","3,2","1,6","1,8",72,"91,8",100,5,19
11.10.2016,"1,3","7,6","13,8","5,5","3,7","-0,3",65,"89,8",100,4,22
12.10.2016,"7,5","8,7","10,3",0,0,"6,4",80,"91,1",100,8,30
13.10.2016,"4,5","8,9","14,4","4,6",0,"2,1",58,"78,4",99,11,41
14.10.2016,6,"10,1",14,1,"1,5","4,5",66,"81,7",100,6,30
15.10.2016,"6,4","11,3","17,2","3,6","0,6","4,2",66,"90,8",100,7,28
16.10.2016,"5,4","12,3","20,3","9,4",0,"3,5",54,"82,8",100,7,30
17.10.2016,"6,8","12,1","15,6","0,7",0,"4,9",79,"91,2",100,5,19
18.10.2016,"6,3","10,5","15,8",4,"5,8","4,5",66,"90,5",100,7,35
19.10.2016,"6,6","8,5","11,7","0,2","11,1","4,6",82,"92,5",98,10,52
20.10.2016,"6,5","7,6","8,7",0,"3,1","5,2",97,"99,8",100,4,15
21.10.2016,"6,7","7,4","8,4","0,2",4,"6,5",84,"95,2",100,6,20
22.10.2016,"1,9","7,7","11,9","3,1",0,"-0,3",70,"92,7",100,6,20
23.10.2016,"0,7","4,6","9,9","2,6","0,2","-1,3",82,"98,2",100,4,20
24.10.2016,"6,1","9,3","11,2",0,"6,3","5,8",91,"99,5",100,4,22
25.10.2016,"8,6","9,4","10,8",0,0,"8,6",96,99,100,5,19
26.10.2016,"7,4","9,5","12,8",2,0,"5,6",71,92,100,4,19
27.10.2016,"7,9","10,1","13,5",0,0,"6,2",85,"96,3",100,5,22
28.10.2016,"10,8","12,2","13,5",0,0,"9,3",87,"93,4",100,7,22
29.10.2016,"5,2","11,1","15,5","6,9",0,"3,4",64,"89,4",100,5,26
30.10.2016,"4,4",9,16,"7,8",0,"2,5",67,91,100,3,15
31.10.2016,"5,6","9,5","16,6","8,4",0,"3,7",66,"90,4",100,5,26
01.11.2016,"4,6","9,3","14,1","6,5","0,2","2,8",81,93,100,6,37
02.11.2016,"5,7","8,1","11,5","2,9","0,8","4,4",68,"89,8",100,10,37
03.11.2016,"4,8","6,8",10,"0,1",0,"3,1",82,"96,1",100,5,17
04.11.2016,"4,7","6,9","10,7","1,4","1,9","3,4",72,"87,9",100,7,22
05.11.2016,"6,1","7,7",10,"0,7",0,"5,2",77,"89,8",100,7,26
06.11.2016,"4,6","5,9","8,4","2,3","1,2","2,6",77,"90,4",99,9,41
07.11.2016,"2,9","4,9","5,8",0,"2,2","2,8",89,"97,1",100,6,19
08.11.2016,0,"2,6","4,3","0,9","0,4","-2,2",79,93,100,7,22
09.11.2016,"0,2","2,8","4,8",0,10,"-2,3",92,"96,8",100,9,37
10.11.2016,"1,6","4,7","7,4",0,"6,2","1,7",96,"99,3",100,6,22
11.11.2016,-,-,-,-,-,"-0,5",82,"93,3",100,8,-
12.11.2016,"0,3","2,5","5,4","5,8",0,"-0,1",70,82,95,10,35
13.11.2016,"0,3","3,4","5,2",1,0,"-1,3",73,"78,8",88,9,30
14.11.2016,"-1,5","2,2","4,7","2,9","0,9","-3,2",64,"78,5",92,10,30
15.11.2016,"3,1","5,7","10,3",0,-,"2,9",83,"98,4",100,7,24
16.11.2016,10,"11,3","12,5",0,9,"9,9",88,"97,4",100,9,37
17.11.2016,"8,9",11,"12,9","0,4","6,8","8,6",76,"86,3",100,13,54
18.11.2016,"3,7","7,9","12,7","2,7",2,"1,5",74,"84,5",100,13,54
19.11.2016,"3,8","6,1","8,6","0,3",0,"1,7",74,"82,5",91,10,35
20.11.2016,"5,1",10,"14,8","1,8","1,1","4,6",66,"76,7",85,19,70
21.11.2016,"11,4","12,7","14,1",0,"5,6","10,4",71,"81,3",96,14,52
22.11.2016,"9,8","11,7","14,1","1,1","0,1","8,9",67,"80,1",96,10,39
23.11.2016,"6,7","9,7","13,2",0,"0,2","5,1",84,"95,2",100,5,19
24.11.2016,"5,2","8,7","11,3","2,7","0,2","4,6",79,"89,7",97,11,33
25.11.2016,"2,9","5,4","9,2","7,4",0,"1,7",62,78,99,9,30
26.11.2016,"0,7","6,1","9,4",0,"0,2","-0,8",76,"84,7",100,4,13
27.11.2016,"0,6","4,3","8,1","0,5",0,"-0,8",85,"95,2",100,5,19
28.11.2016,"-3,5","0,9","4,8","7,3",0,"-5,6",61,87,100,8,30
29.11.2016,"-5,3","-1,7",4,"7,5",0,"-7,5",54,83,100,5,17
30.11.2016,"-5,3","-0,2","3,9","5,8",0,-7,57,"79,5",97,6,22
01.12.2016,"3,2","4,7","6,7",0,0,"3,1",81,"91,1",100,10,30
02.12.2016,"-1,5","5,5","8,2",0,"0,7","-3,2",84,"97,3",100,7,26
03.12.2016,"-3,2","-1,5","0,2","0,1",0,"-5,2",100,100,100,3,7
04.12.2016,"-5,6","-0,9","5,2","7,3",0,-8,61,83,100,5,19
05.12.2016,"-2,3","0,7",5,"7,2",0,"-4,3",66,"77,3",97,8,30
06.12.2016,"-3,1","0,2","4,9","6,8",0,"-5,4",75,"91,9",100,6,19
07.12.2016,0,"2,8","5,6","0,7",0,"-0,6",78,86,94,10,26
08.12.2016,"3,5",5,"8,1","2,9","0,2","1,9",68,"79,2",95,9,26
09.12.2016,"5,3","8,1","10,5",0,0,"3,2",83,"89,4",96,7,22
10.12.2016,"2,5","7,3","10,5","2,9","1,1","0,7",78,92,100,6,22
11.12.2016,"7,2","8,5","11,2","0,1","0,7","6,7",80,"90,1",98,12,57
12.12.2016,"5,3",7,8,0,0,"3,5",90,"95,9",100,5,20
13.12.2016,"4,8","5,7","6,4",0,"2,5","3,7",88,"96,9",100,7,24
14.12.2016,"5,7","7,2","9,5","0,5",0,"3,2",93,"98,4",100,7,28
15.12.2016,"6,1","7,4","8,8",0,0,6,84,"90,7",100,14,43
16.12.2016,"2,4","4,6","6,7","5,9",0,"1,9",77,"86,2",92,15,44
17.12.2016,"1,4","4,4","6,1","1,5","0,1","-0,1",84,"92,6",100,6,24
18.12.2016,"4,7","5,9","7,4",0,0,"3,3",89,"98,3",100,5,15
19.12.2016,"1,2","4,4","7,7","6,8",0,"-0,4",72,"87,5",100,7,28
20.12.2016,"-1,9","1,6","7,2","6,5",0,"-3,8",67,"88,1",100,6,22
21.12.2016,"-0,3","2,2","5,2",5,"7,3","-1,6",79,"88,8",95,12,39
22.12.2016,"3,1","4,4",6,0,"4,3","2,8",97,"99,5",100,8,33
23.12.2016,"3,2","4,6","7,1","1,1","0,6","1,8",88,95,100,10,33
24.12.2016,"5,8","7,3","8,4","0,7","0,6","5,1",78,"89,1",100,11,44
25.12.2016,"7,5","8,8","9,9",0,"0,3","6,7",90,"94,1",99,13,44
26.12.2016,"3,6","7,6","10,8",2,"2,4","2,7",68,"88,6",100,12,61
27.12.2016,"2,8","4,9","8,1","5,8","0,1","0,6",82,"90,8",100,9,30
28.12.2016,"-0,6","4,1","5,9","0,1",0,"-2,8",83,"92,7",100,5,15
29.12.2016,"-2,9","1,6",7,"7,1",0,"-5,3",68,"88,8",100,7,28
30.12.2016,"-3,3","-0,2","5,4","7,2",0,"-5,8",74,"94,5",100,5,19
31.12.2016,"-4,7","-1,7","1,4","3,7",0,"-7,2",77,"91,5",100,6,19
